-- MySQL dump 10.13  Distrib 8.0.30, for Win64 (x86_64)
--
-- Host: localhost    Database: reino_plantae
-- ------------------------------------------------------
-- Server version	8.0.28

/*!40101 SET @OLD_CHARACTER_SET_CLIENT=@@CHARACTER_SET_CLIENT */;
/*!40101 SET @OLD_CHARACTER_SET_RESULTS=@@CHARACTER_SET_RESULTS */;
/*!40101 SET @OLD_COLLATION_CONNECTION=@@COLLATION_CONNECTION */;
/*!50503 SET NAMES utf8 */;
/*!40103 SET @OLD_TIME_ZONE=@@TIME_ZONE */;
/*!40103 SET TIME_ZONE='+00:00' */;
/*!40014 SET @OLD_UNIQUE_CHECKS=@@UNIQUE_CHECKS, UNIQUE_CHECKS=0 */;
/*!40014 SET @OLD_FOREIGN_KEY_CHECKS=@@FOREIGN_KEY_CHECKS, FOREIGN_KEY_CHECKS=0 */;
/*!40101 SET @OLD_SQL_MODE=@@SQL_MODE, SQL_MODE='NO_AUTO_VALUE_ON_ZERO' */;
/*!40111 SET @OLD_SQL_NOTES=@@SQL_NOTES, SQL_NOTES=0 */;

--
-- Table structure for table `habitats`
--

DROP TABLE IF EXISTS `habitats`;
/*!40101 SET @saved_cs_client     = @@character_set_client */;
/*!50503 SET character_set_client = utf8mb4 */;
CREATE TABLE `habitats` (
  `id_habitats` int NOT NULL AUTO_INCREMENT,
  `nombre` text,
  `descripcion` text,
  PRIMARY KEY (`id_habitats`)
) ENGINE=InnoDB AUTO_INCREMENT=7 DEFAULT CHARSET=utf8mb4 COLLATE=utf8mb4_0900_ai_ci;
/*!40101 SET character_set_client = @saved_cs_client */;

--
-- Dumping data for table `habitats`
--

LOCK TABLES `habitats` WRITE;
/*!40000 ALTER TABLE `habitats` DISABLE KEYS */;
INSERT INTO `habitats` VALUES (1,'Bosque tropical','Hábitat natural de árboles y plantas leñosas'),(2,'Pradera','Hábitat de plantas herbáceas y pastizales'),(3,'Desierto','Hábitat de plantas adaptadas a climas áridos'),(4,'Barranco','Hábitat de plantas que crecen en cauces de ríos secos'),(5,'Manglar','Hábitat de plantas adaptadas a suelos salinos y anegados'),(6,'Arrecife','Hábitat de algas y plantas submarinas en zonas de arrecifes coralinos');
/*!40000 ALTER TABLE `habitats` ENABLE KEYS */;
UNLOCK TABLES;

--
-- Table structure for table `plantas`
--

DROP TABLE IF EXISTS `plantas`;
/*!40101 SET @saved_cs_client     = @@character_set_client */;
/*!50503 SET character_set_client = utf8mb4 */;
CREATE TABLE `plantas` (
  `id_plantas` int NOT NULL AUTO_INCREMENT,
  `nombre_comun` text,
  `nombre_cientifico` text,
  `familia_cientifica` text,
  `descripcion` text,
  `tamaño` text,
  `forma` text,
  `textura` text,
  `color` text,
  `hojas` text,
  `tronco` text,
  `flores` text,
  `id_habitats` text,
  PRIMARY KEY (`id_plantas`)
) ENGINE=InnoDB AUTO_INCREMENT=54 DEFAULT CHARSET=utf8mb4 COLLATE=utf8mb4_0900_ai_ci;
/*!40101 SET character_set_client = @saved_cs_client */;

--
-- Dumping data for table `plantas`
--

LOCK TABLES `plantas` WRITE;
/*!40000 ALTER TABLE `plantas` DISABLE KEYS */;
INSERT INTO `plantas` VALUES (1,'Ceiba','Ceiba pentandra','Malvaceae','Árbol con tronco ancho y ramas extendidas, con grandes flores y frutos con fibras sedosas','Grande','Conica','áspera y rugosa','gris claro','grandes','recto','grandes y vistosas, de color blanco o rosado','1'),(2,'Palma de aceite','Elaeis guineensis','Arecaceae','Palmera con frutos que contienen aceite utilizado en la industria alimentaria','Grande','estrecha y alargada','duras y correosas','verde oscuro','grandes y pinnadas','recto y fibroso','pequeñas','1'),(3,'Caoba','Swietenia mahagoni','Meliaceae','Árbol de madera dura y duradera, utilizada en la construcción y fabricación de muebles','grande','cónica','lisa','marrón grisáceo','Medianas','recto','pequeñas','1'),(4,'Aguacatillo','Persea americana','Lauraceae','Árbol con frutos comestibles y hojas utilizadas en la medicina tradicional','Grande','piramidal o globosa','lisa','verde grisáceo','medianas','recto','pequeñas','1'),(5,'Cedro','Cedrela odorata','Meliaceae','Árbol de madera suave y ligera, utilizada en la fabricación de muebles y objetos tallados','Grande','Conica','lisa','gris claro','medianas','recto','pequeñas','1'),(6,'Guayaba','Psidium guajava','Myrtaceae','Árbol con frutos comestibles y hojas utilizadas en la medicina tradicional','mediana','anchas y densas','lisa','verde oscuro',' pequeñas ovales','recto','pequeñas','1'),(7,'Nance','Byrsonima crassifolia','Malpighiaceae','Árbol con frutos comestibles y hojas utilizadas en la medicina tradicional','pequeña','arbusto','aspera','verde oscuro','elípticas','corto','pequeñas','1'),(8,'Cacao','Theobroma cacao','Malvaceae','Árbol con frutos que contienen semillas utilizadas para producir chocolate','mediana','redondeadas','suave','verde oscuro','oblongas','torcido','pequeñas','1'),(9,'Higuerón','Ficus benjamina','Moraceae','Árbol con hojas verdes brillantes y frutos comestibles','Grande','amplio','lisa','verde oscuro brillante','ovales','recto delgado','pequeñas','1'),(10,'Limoncillo','Cymbopogon citratus','Poaceae','Planta aromática con hojas largas y estrechas utilizada en la cocina y la medicina','pequeño','rigida','aspera','verde oscuro','largas y estrechas','delgado','pequeñas','1'),(11,'Pasto bermuda','Cynodon dactylon','Poaceae','Pasto de crecimiento horizontal y rápido, utilizado para campos de deportes y jardines','pequeña','rastreros','suaves','verdes','planas y estrechas','no tiene','pequeñas','2'),(12,'Hierba de la Pampa','Cortaderia selloana','Poaceae','Planta perenne con grandes panículas plumosas de color blanco, rosa o dorado','','','','','','','','2'),(13,'Artemisa','Artemisia tridentata','Asteraceae','Arbusto perenne con hojas plateadas y fragantes','pequeña','arbusto','áspera','verde grisáceo','largas y estrechas','grueso','Largas','2'),(14,'Grama','Bouteloua gracilis','Poaceae','Pasto de crecimiento lento y raíces profundas, resistente a la sequía','pequeño','arbusto','peludas y ásperas','verde grisáceo','estrechas y alargadas','ramas leñosas','pequeñas','2'),(15,'Hierba timotea','Phleum pratense','Poaceae','Pasto alto y denso con hojas estrechas y flores en forma de espiga','pequeño',' herbácea','suaves y aterciopeladas','verde brillante','largas y estrechas','tallos erectos','pequeñas','2'),(16,'Salvia','Salvia officinalis','Lamiaceae','Planta aromática con hojas grisáceas y flores azules','pequeña','arbusto','aterciopelad','verde grisáceo plateado','ovaladas','ramificados','pequeñas','2'),(17,'Aster','Asteraceae','Asteraceae','Familia de plantas con flores radiadas, compuestas por una cabeza de flores pequeñas y tubulares','mediana','arbusto','suaves y aterciopeladas','verde','anchas y redondeadas','tallos herbáceos','pequeñas','2'),(18,'Diente de león','Taraxacum officinale','Asteraceae','Planta con hojas dentadas y flores amarillas en forma de cabezas solitarias','pequeña','roseta','lisas','amarillo brillante','lobuladas y dentadas','no tiene','pequeñas','2'),(19,'Cebadilla criolla','Bromus catharticus','Poaceae','Pasto de crecimiento rápido y resistente a la sequía, utilizado para forraje','pequeña','erguida y erecta','lisas y finas','verde grisáceo','largas, delgadas y planas','erectos y lisos','grande y abierta','2'),(20,'Zacate buffel','Cenchrus ciliaris','Poaceae','Pasto de crecimiento rápido y tolerante a la sequía, utilizado para pastoreo y control de erosión','mediana','erecta y abierta','ásperas','verde oscuro','largas y estrechas','erectos y ramificados,','grande y espinosa','2'),(21,'Cactus del desierto','Opuntia spp.','Cactaceae','Cactus con tallos carnosos y espinosos, que pueden tener flores grandes y llamativas. Adaptados a las condiciones de sequedad del desierto.','Mediano','Variable','Carnosa, espinosa','Verde','Redondas','No tiene','Flores grandes y vistosas','3'),(22,'Yucca','Yucca spp.','Agavaceae','Plantas con un tronco corto y hojas largas y delgadas. Pueden producir flores grandes y blancas en forma de campana.','1-3 metros','Columnar','Rígida, áspera','Verde, gris','Largas y delgadas','Tronco corto y leñoso','Flores grandes y blancas en forma de campana','3'),(23,'Creosota','Larrea tridentata','Zygophyllaceae','Planta de hoja perenne con ramas densas y un olor fuerte y distintivo. Las hojas tienen un recubrimiento ceroso para reducir la pérdida de agua.','1-3 metros','Densa','Cerosa','Verde grisáceo','Pequeñas y elípticas','Ramificada y leñosa','Flores pequeñas y amarillas','3'),(24,'Palma abanico','Washingtonia filifera','Arecaceae','Palmera con hojas grandes y en forma de abanico. Las hojas pueden tener filamentos blancos y el tronco tiene anillos de cicatrices dejadas por hojas viejas.','20-25 metros','Columnar','Lisos y coriáceos','Verde, grisáceo','Grandes y en forma de abanico','Tronco largo y delgado','Flores pequeñas y de color crema','3'),(25,'Brea','Encelia farinosa','Asteraceae','Planta con hojas largas y delgadas y grandes flores amarillas. Las hojas y las flores están cubiertas de una capa blanca de pelo para protegerse de la intensa radiación solar del desierto.','1-2 metros','Abierta','Peluda y harinosa','Amarillo','Largas y delgadas','Ramificada y leñosa','Grandes flores amarillas','3'),(26,'Artemisa','Artemisia tridentata','Asteraceae','Planta con hojas grises y finas que están cubiertas de pelos para evitar la pérdida de agua. Puede alcanzar grandes tamaños y es una fuente importante de alimento para la fauna del desierto.','2-3 metros','Abierta','Pelo fino y suave','Gris','Grises y finas','Leñosa y ramificada','Flores pequeñas y amarillas','3'),(27,'Flor de papel','Mentzelia laevicaulis','Loasaceae','Planta con grandes flores blancas y amarillas que se abren por la noche. Tiene hojas verdes y ásperas que están cubiertas de pelos. Es una especie nativa de los desiertos del oeste de los Estados Unidos.','1-2 metros','Abierta','Áspera y peluda','Blanco, amarillo','Verdes y ásperas','Leñosa y ramificada','Grandes flores blancas y amarillas','3'),(28,'Ephedra','Ephedra spp.','Ephedraceae','Planta con ramas delgadas y hojas pequeñas y escamosas. Produce pequeñas flores de color amarillo o blanco y es una fuente de efedrina, que se utiliza como suplemento dietético y medicamento.','0.5-3 metros','Ramificada','Delgada y escamosa','Verde, amarillo','Pequeñas y escamosas','Ramificada y leñosa','Flores pequeñas y de color amarillo o blanco','3'),(29,'Sauce llorón','Salix babylonica, Salix spp.','Salicaceae','Árbol de tamaño mediano a grande, forma redondeada, color verde oscuro, hojas verdes con textura suave, tronco marrón claro y flores verdosas. Hábitat en zonas húmedas como barrancos y riberas de ríos.','Mediano a grande','Redondeada','Suave','Verde oscuro','Verdes','Marrón claro','Verdosas','4'),(30,'Adelfa','Nerium oleander','Apocynaceae','Arbusto de tamaño mediano a grande, forma irregular, color verde oscuro, hojas verdes con textura gruesa, tronco marrón oscuro y flores de varios colores. Hábitat en zonas húmedas y semiáridas como barrancos y cauces de ríos.','Mediano a grande','Irregular','Gruesa','Verde oscuro','Verdes','Marrón oscuro','Mediana y rosada','4'),(31,'Lentisco','Pistacia lentiscus','Anacardiaceae','Arbusto o árbol pequeño, de hoja perenne, que puede alcanzar los 7 metros de altura. Posee una copa densa y ramificada, con ramas y ramillas de color marrón rojizo. Las hojas son alternas, compuestas por foliolos lanceolados y coriáceos de borde dentado y haz verde oscuro. Las flores son pequeñas y poco vistosas, de color amarillo verdoso, agrupadas en panículas axilares. Los frutos son drupas globosas, rojizas o negras cuando maduran.','Hasta 7 m de altura','Arbusto o árbol pequeño','Coriácea','Verde oscuro','Compuestas por foliolos lanceolados','Marrón rojizo','Flores poco vistosas de color amarillo verdoso','4'),(32,'Espino negro','Crataegus monogyna','Rosaceae','Árbol o arbusto pequeño, caducifolio, que puede alcanzar los 10 metros de altura. Posee una copa densa y redondeada, con ramas y ramillas de color marrón oscuro y espinas cortas y afiladas. Las hojas son simples, alternas, con forma ovalada o romboidal, con borde dentado y haz verde oscuro. Las flores son blancas o rosas, pequeñas y agrupadas en corimbos. Los frutos son pomos globosos, rojos o negros cuando maduran, y se utilizan para la elaboración de mermeladas y licores.','Hasta 10 m de altura','Árbol o arbusto pequeño','Coriácea','Verde oscuro','Hoja romboidal','Marrón oscuro','Flores blancas o rosas','4'),(33,'Olmo','Ulmus minor','Ulmaceae','Árbol caducifolio que puede alcanzar hasta los 25 metros de altura. Posee una copa ancha y redondeada. La corteza es grisácea y lisa en los ejemplares jóvenes, pero se vuelve áspera y fisurada con la edad.','Hasta 25 metros','Copa ancha y redondeada','Liso y áspero','Verde claro','Asimétricas y dentadas','Recto y delgado','Flores pequeñas, poco vistosas y de color verde-amarillento','4'),(34,'Carrasca','Quercus ilex','Fagaceae','Árbol perenne que puede alcanzar los 20 metros de altura. Tiene una copa densa y redondeada. La corteza es grisácea y agrietada.','Hasta 20 metros','Copa densa y redondeada','Rugosa y agrietada','Verde oscuro','Ovales, coriáceas y persistentes','Grueso y retorcido','Flores pequeñas, poco vistosas y agrupadas en amentos','4'),(35,'Limonero','Citrus limon','Rutaceae','Árbol perenne que puede alcanzar los 6 metros de altura. Tiene una copa densa y redondeada. La corteza es lisa y de color gris verdoso.','Hasta 6 metros','Copa densa y redondeada','Liso y brillante','Verde claro','Ovales, elípticas y de bordes serrados','Delgado y ramificado','Flores blancas y perfumadas que aparecen a finales de invierno o principios de primavera','4'),(36,'Mangle rojo','Rhizophora mangle','Rhizophoraceae','Árbol con raíces aéreas que se extienden desde el tronco y crecen hacia abajo en el agua salada, donde anclan la planta. Las hojas son de color verde oscuro y tienen forma de lanza. Las flores son pequeñas y de color blanco amarillento. Los frutos son una especie de cápsula con semillas','Hasta 25 metros','Cónico','Liso y brillante','Verde oscuro','Lanceoladas','Raíces aéreas','Flores pequeñas y blancas','5'),(37,'Mangle negro','Avicennia germinans','Acanthaceae','Árbol con raíces aéreas que crecen desde el tronco hacia abajo en el agua salada, donde anclan la planta. Las hojas son de color verde oscuro y tienen forma de lanza. Las flores son pequeñas y de color blanco amarillento. Los frutos son una especie de cápsula con semillas','Hasta 25 metros','Cónico','Liso y brillante','Verde oscuro','Lanceoladas','Raíces aéreas','Flores pequeñas y blancas','5'),(38,'Mangle blanco','Laguncularia racemosa','Combretaceae','Árbol perennifolio de hasta 15 m de altura, con tronco corto y diámetro considerable. Las raíces respiratorias son en forma de tubos aéreos que se proyectan hacia la superficie del suelo.','De 5 a 15 metros de altura','Piramidal','Coriácea','Blanco','Pequeñas, opuestas y elípticas','Corto y grueso','Flores pequeñas y blancas agrupadas en panículas','5'),(39,'Mangle Botoncillo','Conocarpus erectus','Combretaceae','Árbol o arbusto perennifolio que puede alcanzar hasta 12 m de altura. La corteza es gris oscura y agrietada, mientras que las ramas jóvenes tienen una corteza rojiza. Las raíces son profundas y fibrosas.','Hasta 12 metros de altura','Columnar o redondeada','Coriácea','Verde oscuro','Pequeñas, ovaladas y de borde dentado','Cilíndrico','Flores amarillo verdosas agrupadas en racimos','5'),(40,'Helecho de mangle','Acrostichum danaeifolium','Pteridaceae','Planta perenne que se encuentra en las zonas de manglar y humedales costeros. Las hojas son grandes y verdes, con una textura coriácea. Pueden crecer hasta 2,5 metros de largo y 30 cm de ancho. No produce flores, sino que se reproduce por esporas. Es una especie resistente que puede tolerar salinidad y encharcamientos prolongados.','Hasta 2,5 metros de largo y 30 cm de ancho','Foliar','Coriácea','Verde','Grandes, frondosas y compuestas','No tiene','No produce flores','5'),(41,'Jengibre de monte','Zingiber officinale','Zingiberaceae','Planta perenne originaria de Asia tropical. Se cultiva ampliamente por sus rizomas, que se utilizan en la cocina como especia y como remedio medicinal. Los rizomas son carnosos y tienen una textura fibrosa, con un sabor picante y aromático. Las hojas son alargadas y verdes, y pueden crecer hasta un metro de altura. Produce flores en forma de cono, de color verde amarillento con manchas rojas. Prefiere los suelos húmedos y sombreados.','Hasta un metro de altura','Herbácea','Fibrosa','Verde','Alargadas y verdes','No tiene','Flores en forma de cono','5'),(42,'Salicornia','Salicornia spp','Amaranthaceae','Plantas suculentas halófitas que crecen en suelos salinos, como en marismas y salinas. Tienen tallos cilíndricos y carnosos, que pueden ser verdes o rojos, y no tienen hojas verdaderas. En su lugar, tienen estructuras similares a hojas, llamadas filoides, que son pequeñas y cilíndricas. Las flores son muy pequeñas y se encuentran en las axilas de las filoides. Se utilizan en la cocina como verdura, especialmente en la cocina mediterránea.','Hasta 50 cm de altura','Cilíndrica','Carnosa','Verde o roja','Filoides pequeñas y cilíndricas','No tiene','Flores muy pequeñas','5'),(43,'Orquídea nocturna','Epidendrum nocturnum','Orchidaceae','Especie de orquídea que se encuentra en América Central y del Sur. Es una orquídea epífita que crece sobre los árboles en bosques húmedos y nubosos. Tiene hojas coriáceas y lanceoladas que crecen en un patrón en espiral alrededor del tallo. Las flores son fragantes y aparecen en racimos en el extremo de largos tallos. Las flores son de color blanco con rayas de color verde amarillento y aparecen en la noche. Es una especie popular en la jardinería y también se utiliza en la medicina tradicional.','Hasta 1 metro de altura','Epífita','Coriácea','Blanco con rayas de verde amarillento','Lanceoladas, crecen en un patrón en espiral alrededor del tallo','No tiene','Flores en racimos','5'),(44,'Bromelia escudo','Quesnelia testudo','Bromeliaceae','Planta epífita y perenne que forma rosetas de hojas rígidas y espinosas de hasta 50 cm de largo. Las hojas son de color verde oscuro con manchas negras, y la inflorescencia emerge del centro de la roseta y está compuesta por muchas flores pequeñas de color amarillo pálido.','Hasta 50 cm','Roseta','Rígida y espinosa','Verde oscuro con manchas negras','Perennes','Epífitas','Flores amarillo pálido','5'),(45,'Uva de playa','Coccoloba uvifera','Polygonaceae','Árbol perennifolio que puede alcanzar hasta 12 metros de altura. Tiene un tronco corto y ramificado, con una copa redondeada y frondosa. Las hojas son grandes y ovaladas, de color verde oscuro y textura coriácea, y las flores son pequeñas y de color blanco o rosa pálido. Produce racimos de frutos redondos y pequeños, similares a las uvas, que son comestibles y muy apreciados por su sabor dulce y ácido.','Hasta 12 metros','Árbol','Coriácea','Verde oscuro','Ovaladas','Corto y ramificado','Flores blancas o rosa pálido','5'),(46,'Lechuga de mar','Ulva spp','Ulvaceae','Alga marina que se encuentra en las zonas intermareales y submareales. Es de color verde intenso, tiene una textura delicada y es muy fina. Puede crecer hasta varios centímetros de largo y ancho. Es una especie importante en la alimentación de muchas especies marinas y también es utilizada en la alimentación humana.','Varios centímetros','Alga marina','Delicada y fina','Verde intenso','Sin hojas','Sin tronco','Sin flores','6'),(47,'Musgo de mar','Gracilaria spp','Gracilariaceae','Alga marina que se encuentra en zonas intermareales y submareales. Es de color rojo oscuro o violáceo, tiene una textura suave y sedosa y puede crecer hasta varios centímetros de largo y ancho. Es una especie importante en la alimentación de muchas especies marinas y también es utilizada en la alimentación humana.','Varios centímetros','Alga marina','Suave y sedosa','Rojo oscuro o violáceo','Sin hojas','Sin tronco','Sin flores','6'),(48,'Sargazo','Sargassum spp','Sargassaceae','Género de algas pardas que se encuentra en zonas tropicales y subtropicales de los océanos Atlántico y Pacífico. Puede crecer hasta varios metros de largo y tiene una textura áspera y rugosa. Es una especie importante en la alimentación de muchas especies marinas y también es utilizada en la medicina tradicional para tratar diversas dolencias.','Varios metros','Alga marina','Áspera y rugosa','Marrón oscuro','Sin hojas','Sin tronco','Sin flores','6');
/*!40000 ALTER TABLE `plantas` ENABLE KEYS */;
UNLOCK TABLES;

--
-- Table structure for table `preguntas`
--

DROP TABLE IF EXISTS `preguntas`;
/*!40101 SET @saved_cs_client     = @@character_set_client */;
/*!50503 SET character_set_client = utf8mb4 */;
CREATE TABLE `preguntas` (
  `id_pregunta` int NOT NULL AUTO_INCREMENT,
  `pregunta` text,
  `respuesta` text,
  `id_plantas` text,
  PRIMARY KEY (`id_pregunta`)
) ENGINE=InnoDB AUTO_INCREMENT=46 DEFAULT CHARSET=utf8mb4 COLLATE=utf8mb4_0900_ai_ci;
/*!40101 SET character_set_client = @saved_cs_client */;

--
-- Dumping data for table `preguntas`
--

LOCK TABLES `preguntas` WRITE;
/*!40000 ALTER TABLE `preguntas` DISABLE KEYS */;
INSERT INTO `preguntas` VALUES (7,'¿Su planta es de tamaño grande?','1','1/2/3/4/5/9/24/31/32/33/34/35/36/37/39/45/29/30/38'),(8,'¿Su planta es de textura lisa?','1','3/4/5/6/9/19/33/35/36/37'),(10,'¿Su planta posee un tronco recto?','1','1/2/3/4/5/6/9'),(11,'¿Su planta posee un tronco fibroso?','1','2'),(12,'¿Su planta es de textura áspera?','1','1/7/10/13/14/22/27/33/48'),(13,'¿Su planta tiene forma Conica?','1','1/3/5/36/37'),(14,'¿Su planta tiene forma estrecha y alargada?','1','2'),(15,'¿Su planta tiene forma anchas y densas?','1','6'),(16,'¿Su planta tiene forma de arbusto?','1','7/13/14/16/17'),(17,'¿Su planta es de textura rugosa?','1','1/34/48'),(18,'¿Su planta es de textura dura?','1','2'),(19,'¿Su planta es de textura suave?','1','8/11/15/17/26/29/47'),(20,'¿Su planta es de textura Carnosa?','1','21/42'),(21,'¿Su planta es de textura espinosa?','1','21/44'),(22,'¿Su planta es de textura Delgada y escamosa?','1','28'),(23,'¿Su planta es de textura Gruesa?','1','30'),(24,'¿Su planta es de textura Fibrosa?','1','41'),(25,'¿Su planta es de textura espinosa?','1','21/44'),(26,'¿Su planta es de textura sedosa?','1','47'),(27,'¿Su planta es de color gris?','1','1/5/22/26'),(28,'¿Su planta es de color marrón?','1','3/48'),(29,'¿Su planta es de color amarillo?','1','18/25/27/28'),(30,'¿Su planta es de color roja?','1','42/47'),(31,'¿La hoja de su planta es grande?','1','/52/53'),(32,'¿La hoja de su planta es mediana?','1','3/4/5'),(33,'¿La hoja de su planta es pequeñas?','1','6/23/28/38/39/42');
/*!40000 ALTER TABLE `preguntas` ENABLE KEYS */;
UNLOCK TABLES;
/*!40103 SET TIME_ZONE=@OLD_TIME_ZONE */;

/*!40101 SET SQL_MODE=@OLD_SQL_MODE */;
/*!40014 SET FOREIGN_KEY_CHECKS=@OLD_FOREIGN_KEY_CHECKS */;
/*!40014 SET UNIQUE_CHECKS=@OLD_UNIQUE_CHECKS */;
/*!40101 SET CHARACTER_SET_CLIENT=@OLD_CHARACTER_SET_CLIENT */;
/*!40101 SET CHARACTER_SET_RESULTS=@OLD_CHARACTER_SET_RESULTS */;
/*!40101 SET COLLATION_CONNECTION=@OLD_COLLATION_CONNECTION */;
/*!40111 SET SQL_NOTES=@OLD_SQL_NOTES */;

-- Dump completed on 2023-03-24 22:49:04
